{
  "左肘最大弯曲角度": 69.65052620543095,
  "右肘最大弯曲角度": 73.29771653169406,
  "左手腕朝头部最大弯曲角度": 115.06096605647775,
  "右手腕朝头部最大弯曲角度": 106.53817204567872,
  "左膝最大弯曲角度": 103.0299003657689,
  "右膝最大弯曲角度": 111.95331359940104,
  "右手腕出手前倾角度": NaN
}