{
  "elbow_left": 47.8112462199599,
  "elbow_right": 28.557622687263457,
  "knee_left": 18.16929176102802,
  "knee_right": 18.61735345205747,
  "shoulder_left": 14.210481585931813,
  "shoulder_right": 21.120556202882895,
  "wrist_left_head": 46.530237806023806,
  "wrist_right_head": 27.07702010244286
}