{
  "平均大腿最大摆动幅度": 0.9985027554669621,
  "小腿相对大腿平均最大弯曲幅度": 0.9687429348842862,
  "步频（次/秒）": 0.9593048266368407
}