{
  "elbow_left": 0.8157701962207338,
  "elbow_right": 0.94677966623495,
  "knee_left": 0.9876562249199299,
  "knee_right": 0.9871601569345644,
  "shoulder_left": 0.720372176081895,
  "shoulder_right": 0.5042907394016769,
  "wrist_left_head": 0.8747048557139016,
  "wrist_right_head": 0.9146139048719644
}