{
  "左肘最大弯曲角度": 77.21094767955157,
  "右肘最大弯曲角度": 73.37111218462587,
  "左手腕朝头部最大弯曲角度": 118.60533182596244,
  "右手腕朝头部最大弯曲角度": 115.7887225344637,
  "左膝最大弯曲角度": 48.64272327898635,
  "右膝最大弯曲角度": 50.528619601124106,
  "右手腕出手前倾角度": 62.246462782169054
}