{
  "左肘最大弯曲角度": 1.2441119400713907,
  "右肘最大弯曲角度": 1.7828988173268325,
  "左手腕朝头部最大弯曲角度": 0.4937681235535097,
  "右手腕朝头部最大弯曲角度": 0.07912937001338383,
  "左膝最大弯曲角度": 4.496012993912557,
  "右膝最大弯曲角度": 8.298885679931365,
  "右手腕出手前倾角度": NaN
}