{
  "平均大臂最大摆动幅度": 179.9353761988484,
  "平均大腿最大摆动幅度": 179.35649234168716,
  "小腿相对大腿平均最大弯曲幅度": 129.21064619130047,
  "步频（次/秒）": 3.295964125560538
}