{
  "elbow_left": 34.416356952489686,
  "elbow_right": 21.674764905643578,
  "knee_left": 35.96703146574675,
  "knee_right": 31.66783440268208,
  "shoulder_left": 15.707581119343995,
  "shoulder_right": 13.456666708319021,
  "wrist_left_head": NaN,
  "wrist_right_head": NaN
}