{
  "左肘最大弯曲角度": 0.9960854475476595,
  "右肘最大弯曲角度": 0.9641791251395792,
  "左膝最大弯曲角度": 0.9446109924930992,
  "右膝最大弯曲角度": 0.8548027920407378
}