{
  "左肘最大弯曲角度": 75.06602376758644,
  "右肘最大弯曲角度": 70.92982669461672,
  "左手腕朝头部最大弯曲角度": 128.24357537297274,
  "右手腕朝头部最大弯曲角度": 113.99399059634642,
  "左膝最大弯曲角度": 53.059244469333585,
  "右膝最大弯曲角度": 70.17510690886294,
  "右手腕出手前倾角度": 17.940520982862523
}