{
  "elbow_left": 0.9055789129782575,
  "elbow_right": 0.9686280053250947,
  "knee_left": 0.845875729193653,
  "knee_right": 0.8550204083738026,
  "shoulder_left": 0.7115213776274495,
  "shoulder_right": 0.9132386024149384
}