{
  "左肘最大弯曲角度": 66.68288315688822,
  "右肘最大弯曲角度": 63.32068483839139,
  "左手腕朝头部最大弯曲角度": 145.21572887897136,
  "右手腕朝头部最大弯曲角度": 126.47325523493636,
  "左膝最大弯曲角度": 60.24975609121613,
  "右膝最大弯曲角度": 50.06665631549007,
  "右手腕出手前倾角度": NaN
}