{
  "平均大臂最大摆动幅度": 68.55648051473413,
  "平均大腿最大摆动幅度": 142.9350001107705,
  "小腿相对大腿平均最大弯曲幅度": 131.675639988118,
  "步频（次/秒）": 3.766816143497758
}