{
  "平均大臂最大摆动幅度": 179.60309235896187,
  "平均大腿最大摆动幅度": 174.14714870030573,
  "小腿相对大腿平均最大弯曲幅度": 67.52398064766356,
  "步频（次/秒）": 3.497757847533632
}