{
  "平均大臂最大摆动幅度": 179.85329242404606,
  "平均大腿最大摆动幅度": 179.3318083174334,
  "小腿相对大腿平均最大弯曲幅度": 90.06508648218667,
  "步频（次/秒）": 3.766816143497758
}