{
  "左肘最大弯曲角度": 63.52514845952079,
  "右肘最大弯曲角度": 68.8134661677461,
  "左手腕朝头部最大弯曲角度": 133.27920393054416,
  "右手腕朝头部最大弯曲角度": 116.18317131848414,
  "左膝最大弯曲角度": 51.83661652313174,
  "右膝最大弯曲角度": 65.25892559546845,
  "右手腕出手前倾角度": NaN
}