{
  "平均大臂最大摆动幅度": 179.9353761988484,
  "平均大腿最大摆动幅度": 179.5511470321671,
  "小腿相对大腿平均最大弯曲幅度": 125.46569767387965,
  "步频（次/秒）": 3.430493273542601
}