{
  "左肘最大弯曲角度": 66.82467542424325,
  "右肘最大弯曲角度": 80.42441486120154,
  "左手腕朝头部最大弯曲角度": 118.47867220499036,
  "右手腕朝头部最大弯曲角度": 112.45064515002512,
  "左膝最大弯曲角度": 19.31950984106968,
  "右膝最大弯曲角度": 28.768219561318663,
  "右手腕出手前倾角度": 4.186614762471914
}