{
  "左肘最大弯曲角度": 178.75588805992862,
  "右肘最大弯曲角度": 178.21710118267316,
  "左手腕朝头部最大弯曲角度": 179.5062318764465,
  "右手腕朝头部最大弯曲角度": 179.9208706299866,
  "左膝最大弯曲角度": 175.50398700608744,
  "右膝最大弯曲角度": 171.70111432006863,
  "右手腕出手前倾角度": NaN
}