{
  "左肘最大弯曲角度": 68.57055490972537,
  "右肘最大弯曲角度": 80.43497454104013,
  "左手腕朝头部最大弯曲角度": 114.56403392931962,
  "右手腕朝头部最大弯曲角度": 119.38487062354962,
  "左膝最大弯曲角度": 50.67795476712569,
  "右膝最大弯曲角度": 52.11375393854656,
  "右手腕出手前倾角度": 28.37573645424617
}